forOrg,forProgram,forService,location,reqCode
http://helpseeker.co/compass#Org10,http://helpseeker.co/compass#P10-1,http://helpseeker.co/compass#S10-1-Shelter,http://helpseeker.co/compass#Area0_Location,http://helpseeker.co/compass#CL-Female
http://helpseeker.co/compass#Org10,http://helpseeker.co/compass#P10-1,http://helpseeker.co/compass#S10-1-Shelter,http://helpseeker.co/compass#Area0_Location,http://helpseeker.co/compass#CL-Homeless
http://helpseeker.co/compass#Org10,http://helpseeker.co/compass#P10-1,http://helpseeker.co/compass#S10-1-Shelter,http://helpseeker.co/compass#Area0_Location,http://helpseeker.co/compass#CL-Youth
http://helpseeker.co/compass#Org10,http://helpseeker.co/compass#P10-3,http://helpseeker.co/compass#S10-3-Food,http://helpseeker.co/compass#Area0_Location,http://helpseeker.co/compass#CL-Female
http://helpseeker.co/compass#Org10,http://helpseeker.co/compass#P10-3,http://helpseeker.co/compass#S10-3-Food,http://helpseeker.co/compass#Area0_Location,http://helpseeker.co/compass#CL-Homeless
http://helpseeker.co/compass#Org10,http://helpseeker.co/compass#P10-3,http://helpseeker.co/compass#S10-3-Food,http://helpseeker.co/compass#Area0_Location,http://helpseeker.co/compass#CL-Youth
http://helpseeker.co/compass#Org100,http://helpseeker.co/compass#P100-a100,http://helpseeker.co/compass#S100-a100,http://helpseeker.co/compass#Area0_Location,http://helpseeker.co/compass#CL-Female
http://helpseeker.co/compass#Org100,http://helpseeker.co/compass#P100-a100,http://helpseeker.co/compass#S100-a100,http://helpseeker.co/compass#Area0_Location,http://helpseeker.co/compass#CL-Homeless
http://helpseeker.co/compass#Org100,http://helpseeker.co/compass#P100-a100,http://helpseeker.co/compass#S100-a100,http://helpseeker.co/compass#Area0_Location,http://helpseeker.co/compass#CL-Youth
http://helpseeker.co/compass#Org100,http://helpseeker.co/compass#P101-a101,http://helpseeker.co/compass#S101-a101,http://helpseeker.co/compass#Area0_Location,http://helpseeker.co/compass#CL-Female
http://helpseeker.co/compass#Org100,http://helpseeker.co/compass#P101-a101,http://helpseeker.co/compass#S101-a101,http://helpseeker.co/compass#Area0_Location,http://helpseeker.co/compass#CL-Homeless
http://helpseeker.co/compass#Org100,http://helpseeker.co/compass#P101-a101,http://helpseeker.co/compass#S101-a101,http://helpseeker.co/compass#Area0_Location,http://helpseeker.co/compass#CL-Youth
http://helpseeker.co/compass#Org100,http://helpseeker.co/compass#P101-a101,http://helpseeker.co/compass#S101-a101,http://helpseeker.co/compass#Area1_Location,http://helpseeker.co/compass#CL-Female
http://helpseeker.co/compass#Org100,http://helpseeker.co/compass#P101-a101,http://helpseeker.co/compass#S101-a101,http://helpseeker.co/compass#Area1_Location,http://helpseeker.co/compass#CL-Homeless
http://helpseeker.co/compass#Org100,http://helpseeker.co/compass#P101-a101,http://helpseeker.co/compass#S101-a101,http://helpseeker.co/compass#Area1_Location,http://helpseeker.co/compass#CL-Youth
http://helpseeker.co/compass#Org11,http://helpseeker.co/compass#P11-1,http://helpseeker.co/compass#S11-1-Food,http://helpseeker.co/compass#Area0_Location,http://helpseeker.co/compass#CL-Female
http://helpseeker.co/compass#Org11,http://helpseeker.co/compass#P11-1,http://helpseeker.co/compass#S11-1-Food,http://helpseeker.co/compass#Area0_Location,http://helpseeker.co/compass#CL-Homeless
http://helpseeker.co/compass#Org11,http://helpseeker.co/compass#P11-1,http://helpseeker.co/compass#S11-1-Food,http://helpseeker.co/compass#Area0_Location,http://helpseeker.co/compass#CL-Youth
http://helpseeker.co/compass#Org11,http://helpseeker.co/compass#P11-3,http://helpseeker.co/compass#S11-3-Food,http://helpseeker.co/compass#Area0_Location,http://helpseeker.co/compass#CL-Female
http://helpseeker.co/compass#Org11,http://helpseeker.co/compass#P11-3,http://helpseeker.co/compass#S11-3-Food,http://helpseeker.co/compass#Area0_Location,http://helpseeker.co/compass#CL-Homeless
http://helpseeker.co/compass#Org11,http://helpseeker.co/compass#P11-3,http://helpseeker.co/compass#S11-3-Food,http://helpseeker.co/compass#Area0_Location,http://helpseeker.co/compass#CL-Youth
http://helpseeker.co/compass#Org12,http://helpseeker.co/compass#P12-1n2,http://helpseeker.co/compass#S12-1-Education,http://helpseeker.co/compass#Area1_Location,http://helpseeker.co/compass#CL-Female
http://helpseeker.co/compass#Org12,http://helpseeker.co/compass#P12-1n2,http://helpseeker.co/compass#S12-2-Education,http://helpseeker.co/compass#Area1_Location,http://helpseeker.co/compass#CL-Female
http://helpseeker.co/compass#Org12,http://helpseeker.co/compass#P12-1n2,http://helpseeker.co/compass#S12-1-Education,http://helpseeker.co/compass#Area1_Location,http://helpseeker.co/compass#CL-Homeless
http://helpseeker.co/compass#Org12,http://helpseeker.co/compass#P12-1n2,http://helpseeker.co/compass#S12-2-Education,http://helpseeker.co/compass#Area1_Location,http://helpseeker.co/compass#CL-Homeless
http://helpseeker.co/compass#Org12,http://helpseeker.co/compass#P12-1n2,http://helpseeker.co/compass#S12-1-Education,http://helpseeker.co/compass#Area1_Location,http://helpseeker.co/compass#CL-Youth
http://helpseeker.co/compass#Org12,http://helpseeker.co/compass#P12-1n2,http://helpseeker.co/compass#S12-2-Education,http://helpseeker.co/compass#Area1_Location,http://helpseeker.co/compass#CL-Youth
http://helpseeker.co/compass#Org12,http://helpseeker.co/compass#P12-3,http://helpseeker.co/compass#S12-3-Education,http://helpseeker.co/compass#Area1_Location,http://helpseeker.co/compass#CL-Female
http://helpseeker.co/compass#Org12,http://helpseeker.co/compass#P12-3,http://helpseeker.co/compass#S12-3-Education,http://helpseeker.co/compass#Area1_Location,http://helpseeker.co/compass#CL-Homeless
http://helpseeker.co/compass#Org12,http://helpseeker.co/compass#P12-3,http://helpseeker.co/compass#S12-3-Education,http://helpseeker.co/compass#Area1_Location,http://helpseeker.co/compass#CL-Youth
http://helpseeker.co/compass#Org13,http://helpseeker.co/compass#P13-3,http://helpseeker.co/compass#S13-3-Health,http://helpseeker.co/compass#Area1_Location,http://helpseeker.co/compass#CL-Female
http://helpseeker.co/compass#Org13,http://helpseeker.co/compass#P13-3,http://helpseeker.co/compass#S13-3-Health,http://helpseeker.co/compass#Area1_Location,http://helpseeker.co/compass#CL-Homeless
http://helpseeker.co/compass#Org13,http://helpseeker.co/compass#P13-3,http://helpseeker.co/compass#S13-3-Health,http://helpseeker.co/compass#Area1_Location,http://helpseeker.co/compass#CL-Youth
http://helpseeker.co/compass#Org13,http://helpseeker.co/compass#P13-4,http://helpseeker.co/compass#S13-4-Food,http://helpseeker.co/compass#Area1_Location,http://helpseeker.co/compass#CL-Female
http://helpseeker.co/compass#Org13,http://helpseeker.co/compass#P13-4,http://helpseeker.co/compass#S13-4-Food,http://helpseeker.co/compass#Area1_Location,http://helpseeker.co/compass#CL-Homeless
http://helpseeker.co/compass#Org13,http://helpseeker.co/compass#P13-4,http://helpseeker.co/compass#S13-4-Food,http://helpseeker.co/compass#Area1_Location,http://helpseeker.co/compass#CL-Youth
http://helpseeker.co/compass#Org20,http://helpseeker.co/compass#P20-a1,http://helpseeker.co/compass#S20-a1,http://helpseeker.co/compass#Area0_Location,http://helpseeker.co/compass#CL-Female
http://helpseeker.co/compass#Org20,http://helpseeker.co/compass#P20-a1,http://helpseeker.co/compass#S20-a1,http://helpseeker.co/compass#Area0_Location,http://helpseeker.co/compass#CL-Homeless
http://helpseeker.co/compass#Org20,http://helpseeker.co/compass#P20-a1,http://helpseeker.co/compass#S20-a1,http://helpseeker.co/compass#Area0_Location,http://helpseeker.co/compass#CL-Youth
http://helpseeker.co/compass#Org20,http://helpseeker.co/compass#P20-a2,http://helpseeker.co/compass#S20-a2,http://helpseeker.co/compass#Area0_Location,http://helpseeker.co/compass#CL-Female
http://helpseeker.co/compass#Org20,http://helpseeker.co/compass#P20-a2,http://helpseeker.co/compass#S20-a2,http://helpseeker.co/compass#Area0_Location,http://helpseeker.co/compass#CL-Homeless
http://helpseeker.co/compass#Org20,http://helpseeker.co/compass#P20-a2,http://helpseeker.co/compass#S20-a2,http://helpseeker.co/compass#Area0_Location,http://helpseeker.co/compass#CL-Youth
http://helpseeker.co/compass#Org30,http://helpseeker.co/compass#P30-a3,http://helpseeker.co/compass#S30-a3,http://helpseeker.co/compass#Area0_Location,http://helpseeker.co/compass#CL-Female
http://helpseeker.co/compass#Org30,http://helpseeker.co/compass#P30-a3,http://helpseeker.co/compass#S30-a3,http://helpseeker.co/compass#Area0_Location,http://helpseeker.co/compass#CL-Homeless
http://helpseeker.co/compass#Org30,http://helpseeker.co/compass#P30-a3,http://helpseeker.co/compass#S30-a3,http://helpseeker.co/compass#Area0_Location,http://helpseeker.co/compass#CL-Youth
http://helpseeker.co/compass#Org40,http://helpseeker.co/compass#P40-a4,http://helpseeker.co/compass#S40-a4,http://helpseeker.co/compass#Area1_Location,http://helpseeker.co/compass#CL-Female
http://helpseeker.co/compass#Org40,http://helpseeker.co/compass#P40-a4,http://helpseeker.co/compass#S40-a4,http://helpseeker.co/compass#Area1_Location,http://helpseeker.co/compass#CL-Homeless
http://helpseeker.co/compass#Org40,http://helpseeker.co/compass#P40-a4,http://helpseeker.co/compass#S40-a4,http://helpseeker.co/compass#Area1_Location,http://helpseeker.co/compass#CL-Youth
http://helpseeker.co/compass#Org40,http://helpseeker.co/compass#P40-a5,http://helpseeker.co/compass#S40-a5,http://helpseeker.co/compass#Area1_Location,http://helpseeker.co/compass#CL-Female
http://helpseeker.co/compass#Org40,http://helpseeker.co/compass#P40-a5,http://helpseeker.co/compass#S40-a5,http://helpseeker.co/compass#Area1_Location,http://helpseeker.co/compass#CL-Homeless
http://helpseeker.co/compass#Org40,http://helpseeker.co/compass#P40-a5,http://helpseeker.co/compass#S40-a5,http://helpseeker.co/compass#Area1_Location,http://helpseeker.co/compass#CL-Youth
http://helpseeker.co/compass#Org50,http://helpseeker.co/compass#P50-a6na7,http://helpseeker.co/compass#S50-a6na7,http://helpseeker.co/compass#Area1_Location,http://helpseeker.co/compass#CL-Female
http://helpseeker.co/compass#Org50,http://helpseeker.co/compass#P50-a6na7,http://helpseeker.co/compass#S50-a6na7,http://helpseeker.co/compass#Area1_Location,http://helpseeker.co/compass#CL-Homeless
http://helpseeker.co/compass#Org50,http://helpseeker.co/compass#P50-a6na7,http://helpseeker.co/compass#S50-a6na7,http://helpseeker.co/compass#Area1_Location,http://helpseeker.co/compass#CL-Youth
